{
    "x": {
	"traindataname": "buggyCrx_train",
	"testdataname": "buggyCrx_test",
        "steps": 10,
        "recursiveFit": true,
        "useWeights": false,
        "rowSubsampleRatio": 1.0,
        "colSubsampleRatio": 1.0,
        "removeRedundantLabels": false,
        "symmetrizeLabels": true,
        "loss": {
            "index": 0,
            "data": 8
        },
        "lossPower": 1.8000000953674318,
        "clamp_gradient": true,
        "upper_val": 4.0,
        "lower_val": -4.0,
        "numTrees": 10,
        "depth": 0,
        "childPartitionSize": [
            800,
            250,
            500,
            100,
            250,
            20,
            100,
            75,
            50,
            40,
            35,
            25,
            20,
            10,
            7,
            4,
            2,
            1
        ],
        "childNumSteps": [
            1,
            1,
            1,
            1,
            1,
            1,
            2,
            1,
            3,
            1,
            2,
            1,
            1,
            1,
            1,
            1,
            1,
            1
        ],
        "childLearningRate": [
            0.00015,
            0.00015,
            0.00015,
            0.0001,
            0.0001,
            0.0001,
            0.0001,
            0.0001,
            0.0001,
            0.0001,
            0.0001,
            0.0001,
            0.0001,
            0.0001,
            0.0001,
            0.0002,
            0.0002,
            0.0002
        ],
        "childActivePartitionRatio": [
            0.35,
            0.35,
            0.35,
            0.35,
            0.35,
            0.35,
            0.35,
            0.35,
            0.35,
            0.35,
            0.35,
            0.35,
            0.35,
            0.35,
            0.35,
            0.35,
            0.35,
            0.35
        ],
        "childMinLeafSize": [
            1,
            1,
            1,
            1,
            1,
            1,
            1,
            1,
            1,
            1,
            1,
            1,
            1,
            1,
            1,
            1,
            1,
            1
        ],
        "childMinimumGainSplit": [
            0.0,
            0.0,
            0.0,
            0.0,
            0.0,
            0.0,
            0.0,
            0.0,
            0.0,
            0.0,
            0.0,
            0.0,
            0.0,
            0.0,
            0.0,
            0.0,
            0.0,
            0.0
        ],
        "childMaxDepth": [
            0,
            0,
            0,
            0,
            0,
            0,
            0,
            0,
            0,
            0,
            0,
            0,
            0,
            0,
            0,
            0,
            0,
            0
        ],
        "serializeModel": true,
        "serializePrediction": true,
        "serializeColMask": false,
        "serializeDataset": true,
        "serializeLabels": true,
        "serializationWindow": 10,
        "quietRun": true,
        "showOOSEachStep": true
    }
}